File: IHME_GBD_2013_LIFE_TABLE_1990_2013_Y2014M12D17.CSV,,,,,,,,,,,,,
Variable:,location_id,location_code,location_name,year,age_group_id,age_group_name,sex_id,sex_name,cause_id,cause_name,metric,unit,mean
Label:,Location ID,"Country ISO 3166-1 Alpha-3 Code, GBD Region Code, or GBD Super-Region Code","Country, Region, or Super-Region Name",Year,Age Group ID,Age Group Name,Sex ID,Sex Name,Cause ID,Cause Name,Metric,Unit,Mean
Value Coding:,1,AFG,Afghanistan,1990,5,<1 year,1,Males,,All causes,Deaths,"Rate per 100,000",
,2,AGO,Albania,1991,6,1 to 4,2,Females,,,Life Expectancy,Years,
,3,ALB,Algeria,1992,7,5 to 9,3,Both sexes,,,,,
,4,AND,Andean Latin America,1993,8,10 to 14,,,,,,,
,5,ARE,Andorra,1994,9,15 to 19,,,,,,,
,6,ARG,Angola,1995,10,20 to 24,,,,,,,
,7,ARM,Antigua and Barbuda,1996,11,25 to 29,,,,,,,
,8,ATG,Argentina,1997,12,30 to 34,,,,,,,
,9,AUS,Armenia,1998,13,35 to 39,,,,,,,
,10,AUT,Australasia,1999,14,40 to 44,,,,,,,
,11,AZE,Australia,2000,15,45 to 49,,,,,,,
,12,BDI,Austria,2001,16,50 to 54,,,,,,,
,13,BEL,Azerbaijan,2002,17,55 to 59,,,,,,,
,14,BEN,Bahrain,2003,18,60 to 64,,,,,,,
,15,BFA,Bangladesh,2004,19,65 to 69,,,,,,,
,16,BGD,Barbados,2005,20,70 to 74,,,,,,,
,17,BGR,Belarus,2006,21,75 to 79,,,,,,,
,18,BHR,Belgium,2007,22,80 plus,,,,,,,
,19,BHS,Belize,2008,28,All Ages,,,,,,,
,20,BIH,Benin,2009,,,,,,,,,
,21,BLR,Bhutan,2010,,,,,,,,,
,22,BLZ,Bolivia,2011,,,,,,,,,
,23,BOL,Bosnia and Herzegovina,2012,,,,,,,,,
,24,BRA,Botswana,2013,,,,,,,,,
,25,BRB,Brazil,,,,,,,,,,
,26,BRN,Brunei,,,,,,,,,,
,27,BTN,Bulgaria,,,,,,,,,,
,28,BWA,Burkina Faso,,,,,,,,,,
,29,CAF,Burundi,,,,,,,,,,
,30,CAN,Cambodia,,,,,,,,,,
,31,CHE,Cameroon,,,,,,,,,,
,32,CHL,Canada,,,,,,,,,,
,33,CHN,Cape Verde,,,,,,,,,,
,34,CIV,Caribbean,,,,,,,,,,
,35,CMR,Central African Republic,,,,,,,,,,
,36,COD,Central Asia,,,,,,,,,,
,37,COG,Central Europe,,,,,,,,,,
,38,COL,"Central Europe, Eastern Europe, and Central Asia",,,,,,,,,,
,39,COM,Central Latin America,,,,,,,,,,
,40,CPV,Central Sub-Saharan Africa,,,,,,,,,,
,41,CRI,Chad,,,,,,,,,,
,42,CUB,Chile,,,,,,,,,,
,43,CYP,China,,,,,,,,,,
,44,CZE,Colombia,,,,,,,,,,
,45,D0,Comoros,,,,,,,,,,
,46,D1,Congo,,,,,,,,,,
,47,DEU,Costa Rica,,,,,,,,,,
,48,DJI,Cote d'Ivoire,,,,,,,,,,
,49,DMA,Croatia,,,,,,,,,,
,50,DNK,Cuba,,,,,,,,,,
,51,DOM,Cyprus,,,,,,,,,,
,52,DZA,Czech Republic,,,,,,,,,,
,53,ECU,Democratic Republic of the Congo,,,,,,,,,,
,54,EGY,Denmark,,,,,,,,,,
,55,ERI,Developed,,,,,,,,,,
,56,ESP,Developing,,,,,,,,,,
,57,EST,Djibouti,,,,,,,,,,
,58,ETH,Dominica,,,,,,,,,,
,59,FIN,Dominican Republic,,,,,,,,,,
,60,FJI,East Asia,,,,,,,,,,
,61,FRA,Eastern Europe,,,,,,,,,,
,62,FSM,Eastern Sub-Saharan Africa,,,,,,,,,,
,63,G,Ecuador,,,,,,,,,,
,64,GAB,Egypt,,,,,,,,,,
,65,GBR,El Salvador,,,,,,,,,,
,66,GEO,Equatorial Guinea,,,,,,,,,,
,67,GHA,Eritrea,,,,,,,,,,
,68,GIN,Estonia,,,,,,,,,,
,69,GMB,Ethiopia,,,,,,,,,,
,70,GNB,Federated States of Micronesia,,,,,,,,,,
,71,GNQ,Fiji,,,,,,,,,,
,72,GRC,Finland,,,,,,,,,,
,73,GRD,France,,,,,,,,,,
,74,GTM,Gabon,,,,,,,,,,
,75,GUY,Georgia,,,,,,,,,,
,76,HND,Germany,,,,,,,,,,
,77,HRV,Ghana,,,,,,,,,,
,78,HTI,Global,,,,,,,,,,
,79,HUN,Greece,,,,,,,,,,
,80,IDN,Grenada,,,,,,,,,,
,81,IND,Guatemala,,,,,,,,,,
,82,IRL,Guinea,,,,,,,,,,
,83,IRN,Guinea-Bissau,,,,,,,,,,
,84,IRQ,Guyana,,,,,,,,,,
,85,ISL,Haiti,,,,,,,,,,
,86,ISR,High-income,,,,,,,,,,
,87,ITA,High-income Asia Pacific,,,,,,,,,,
,88,JAM,High-income North America,,,,,,,,,,
,89,JOR,Honduras,,,,,,,,,,
,90,JPN,Hungary,,,,,,,,,,
,91,KAZ,Iceland,,,,,,,,,,
,92,KEN,India,,,,,,,,,,
,93,KGZ,Indonesia,,,,,,,,,,
,94,KHM,Iran,,,,,,,,,,
,95,KIR,Iraq,,,,,,,,,,
,96,KOR,Ireland,,,,,,,,,,
,97,KWT,Israel,,,,,,,,,,
,98,LAO,Italy,,,,,,,,,,
,99,LBN,Jamaica,,,,,,,,,,
,100,LBR,Japan,,,,,,,,,,
,101,LBY,Jordan,,,,,,,,,,
,102,LCA,Kazakhstan,,,,,,,,,,
,103,LKA,Kenya,,,,,,,,,,
,104,LSO,Kiribati,,,,,,,,,,
,105,LTU,Kuwait,,,,,,,,,,
,106,LUX,Kyrgyzstan,,,,,,,,,,
,107,LVA,Laos,,,,,,,,,,
,108,MAR,Latin America and Caribbean,,,,,,,,,,
,109,MDA,Latvia,,,,,,,,,,
,110,MDG,Lebanon,,,,,,,,,,
,111,MDV,Lesotho,,,,,,,,,,
,112,MEX,Liberia,,,,,,,,,,
,113,MHL,Libya,,,,,,,,,,
,114,MKD,Lithuania,,,,,,,,,,
,115,MLI,Luxembourg,,,,,,,,,,
,116,MLT,Macedonia,,,,,,,,,,
,117,MMR,Madagascar,,,,,,,,,,
,118,MNE,Malawi,,,,,,,,,,
,119,MNG,Malaysia,,,,,,,,,,
,120,MOZ,Maldives,,,,,,,,,,
,121,MRT,Mali,,,,,,,,,,
,122,MUS,Malta,,,,,,,,,,
,123,MWI,Marshall Islands,,,,,,,,,,
,124,MYS,Mauritania,,,,,,,,,,
,125,NAM,Mauritius,,,,,,,,,,
,126,NER,Mexico,,,,,,,,,,
,127,NGA,Moldova,,,,,,,,,,
,128,NIC,Mongolia,,,,,,,,,,
,129,NLD,Montenegro,,,,,,,,,,
,130,NOR,Morocco,,,,,,,,,,
,131,NPL,Mozambique,,,,,,,,,,
,132,NZL,Myanmar,,,,,,,,,,
,133,OMN,Namibia,,,,,,,,,,
,134,PAK,Nepal,,,,,,,,,,
,135,PAN,Netherlands,,,,,,,,,,
,136,PER,New Zealand,,,,,,,,,,
,137,PHL,Nicaragua,,,,,,,,,,
,138,PNG,Niger,,,,,,,,,,
,139,POL,Nigeria,,,,,,,,,,
,140,PRK,North Africa and Middle East,,,,,,,,,,
,141,PRT,North Korea,,,,,,,,,,
,142,PRY,Norway,,,,,,,,,,
,143,PSE,Oceania,,,,,,,,,,
,144,QAT,Oman,,,,,,,,,,
,145,R1,Pakistan,,,,,,,,,,
,146,R10,Palestine,,,,,,,,,,
,147,R11,Panama,,,,,,,,,,
,148,R12,Papua New Guinea,,,,,,,,,,
,149,R13,Paraguay,,,,,,,,,,
,150,R14,Peru,,,,,,,,,,
,151,R15,Philippines,,,,,,,,,,
,152,R16,Poland,,,,,,,,,,
,153,R17,Portugal,,,,,,,,,,
,154,R18,Qatar,,,,,,,,,,
,155,R19,Romania,,,,,,,,,,
,156,R2,Russia,,,,,,,,,,
,157,R20,Rwanda,,,,,,,,,,
,158,R21,Saint Lucia,,,,,,,,,,
,159,R3,Saint Vincent and the Grenadines,,,,,,,,,,
,160,R4,Samoa,,,,,,,,,,
,161,R5,Sao Tome and Principe,,,,,,,,,,
,162,R6,Saudi Arabia,,,,,,,,,,
,163,R7,Senegal,,,,,,,,,,
,164,R8,Serbia,,,,,,,,,,
,165,R9,Seychelles,,,,,,,,,,
,166,ROU,Sierra Leone,,,,,,,,,,
,167,RUS,Singapore,,,,,,,,,,
,168,RWA,Slovakia,,,,,,,,,,
,169,S1,Slovenia,,,,,,,,,,
,170,S2,Solomon Islands,,,,,,,,,,
,171,S3,Somalia,,,,,,,,,,
,172,S4,South Africa,,,,,,,,,,
,173,S5,South Asia,,,,,,,,,,
,174,S6,South Korea,,,,,,,,,,
,175,S7,South Sudan,,,,,,,,,,
,176,SAU,Southeast Asia,,,,,,,,,,
,177,SDN,"Southeast Asia, East Asia, and Oceania",,,,,,,,,,
,178,SEN,Southern Latin America,,,,,,,,,,
,179,SGP,Southern Sub-Saharan Africa,,,,,,,,,,
,180,SLB,Spain,,,,,,,,,,
,181,SLE,Sri Lanka,,,,,,,,,,
,182,SLV,Sub-Saharan Africa,,,,,,,,,,
,183,SOM,Sudan,,,,,,,,,,
,184,SRB,Suriname,,,,,,,,,,
,185,SSD,Swaziland,,,,,,,,,,
,186,STP,Sweden,,,,,,,,,,
,187,SUR,Switzerland,,,,,,,,,,
,189,SVK,Syria,,,,,,,,,,
,190,SVN,Taiwan,,,,,,,,,,
,191,SWE,Tajikistan,,,,,,,,,,
,192,SWZ,Tanzania,,,,,,,,,,
,193,SYC,Thailand,,,,,,,,,,
,194,SYR,The Bahamas,,,,,,,,,,
,195,TCD,The Gambia,,,,,,,,,,
,196,TGO,Timor-Leste,,,,,,,,,,
,197,THA,Togo,,,,,,,,,,
,198,TJK,Tonga,,,,,,,,,,
,199,TKM,Trinidad and Tobago,,,,,,,,,,
,200,TLS,Tropical Latin America,,,,,,,,,,
,201,TON,Tunisia,,,,,,,,,,
,202,TTO,Turkey,,,,,,,,,,
,203,TUN,Turkmenistan,,,,,,,,,,
,204,TUR,Uganda,,,,,,,,,,
,205,TWN,Ukraine,,,,,,,,,,
,206,TZA,United Arab Emirates,,,,,,,,,,
,207,UGA,United Kingdom,,,,,,,,,,
,208,UKR,United States,,,,,,,,,,
,209,URY,Uruguay,,,,,,,,,,
,210,USA,Uzbekistan,,,,,,,,,,
,211,UZB,Vanuatu,,,,,,,,,,
,212,VCT,Venezuela,,,,,,,,,,
,213,VEN,Vietnam,,,,,,,,,,
,214,VNM,Western Europe,,,,,,,,,,
,215,VUT,Western Sub-Saharan Africa,,,,,,,,,,
,216,WSM,Yemen,,,,,,,,,,
,217,YEM,Zambia,,,,,,,,,,
,218,ZAF,Zimbabwe,,,,,,,,,,
,435,ZMB,,,,,,,,,,,
,522,ZWE,,,,,,,,,,,
